Date,NASDAQ Close,return
2000-03-21,4711.68,0.0
2000-03-22,4864.75,0.032487350584080366
2000-03-23,4940.61,0.01559381263168702
2000-03-24,4963.03,0.004537901190338811
2000-03-27,4958.56,-0.0009006594761666875
2000-03-28,4833.89,-0.025142380045819812
2000-03-29,4644.67,-0.0391444571556242
2000-03-30,4457.89,-0.040213836505069156
2000-03-31,4572.83,0.02578349847124972
2000-04-03,4223.68,-0.07635315548577126
2000-04-04,4148.89,-0.01770730737177062
2000-04-05,4169.22,0.0049001058114339635
2000-04-06,4267.56,0.023587145797055564
2000-04-07,4446.45,0.041918567050023725
2000-04-10,4188.2,-0.05808004138132672
2000-04-11,4055.9,-0.031588749343393285
2000-04-12,3769.63,-0.07058112872605338
2000-04-13,3676.78,-0.024631064587240625
2000-04-14,3321.29,-0.09668514297836694
2000-04-17,3539.16,0.0655980055942118
2000-04-18,3793.57,0.07188428892731613
2000-04-19,3706.41,-0.022975719441054254
2000-04-20,3643.88,-0.01687077252651481
2000-04-24,3482.48,-0.04429344544825853
2000-04-25,3711.23,0.0656859479451426
2000-04-26,3630.09,-0.021863371442890855
2000-04-27,3774.03,0.039651909456790424
2000-04-28,3860.66,0.02295424254709144
2000-05-01,3958.08,0.02523402734247515
2000-05-02,3785.45,-0.043614580806855874
2000-05-03,3707.31,-0.020642195775931516
2000-05-04,3720.24,0.00348770402259313
2000-05-05,3816.82,0.025960690708126455
2000-05-08,3669.38,-0.03862901577753208
2000-05-09,3585.01,-0.022992985190958715
2000-05-10,3384.73,-0.055865952954106124
2000-05-11,3499.58,0.03393180549113217
2000-05-12,3529.06,0.008423868007017887
2000-05-15,3607.65,0.022269386182156126
2000-05-16,3717.57,0.030468587584715934
2000-05-17,3644.96,-0.019531575733610973
2000-05-18,3538.71,-0.029149839778762954
2000-05-19,3390.4,-0.04191075278844547
2000-05-22,3364.21,-0.007724752241623389
2000-05-23,3164.55,-0.059348257094533285
2000-05-24,3270.61,0.033515033733074295
2000-05-25,3205.35,-0.019953464338456794
2000-05-26,3205.11,-7.487481866252921e-05
2000-05-30,3459.48,0.07936389078689965
2000-05-31,3400.91,-0.016930290101402568
2000-06-01,3582.5,0.053394532639793546
2000-06-02,3813.38,0.06444661549197495
2000-06-05,3821.76,0.0021975255547572736
2000-06-06,3756.37,-0.01710991794356531
2000-06-07,3839.26,0.02206651634423662
2000-06-08,3825.56,-0.0035683959929778686
2000-06-09,3874.84,0.012881774171624505
2000-06-12,3767.91,-0.027595978156517487
2000-06-13,3851.06,0.022067936866857263
2000-06-14,3797.41,-0.013931229323874472
2000-06-15,3845.74,0.012727095573035196
2000-06-16,3860.56,0.003853614648936299
2000-06-19,3989.83,0.03348477941024108
2000-06-20,4013.36,0.0058974943794598556
2000-06-21,4064.01,0.01262034803755463
2000-06-22,3936.84,-0.03129175371123594
2000-06-23,3845.34,-0.02324199103849789
2000-06-26,3912.12,0.017366474746056237
2000-06-27,3858.96,-0.013588540228827273
2000-06-28,3940.34,0.021088583452536502
2000-06-29,3877.23,-0.016016384372922188
2000-06-30,3966.11,0.022923582041818547
2000-07-03,3991.93,0.006510157307790143
2000-07-05,3863.1,-0.032272609990656176
2000-07-06,3960.57,0.025231032072687842
2000-07-07,4023.2,0.015813380397265986
2000-07-10,3980.29,-0.010665639292105733
2000-07-11,3956.42,-0.005997050466172049
2000-07-12,4099.59,0.036186754692373535
2000-07-13,4174.86,0.01836037262262802
2000-07-14,4246.18,0.017083207580613546
2000-07-17,4274.67,0.006709560122274638
2000-07-18,4177.17,-0.022808778221476755
2000-07-19,4055.63,-0.029096254162507162
2000-07-20,4184.56,0.03179037535475393
2000-07-21,4094.45,-0.02153392471370963
2000-07-24,3981.57,-0.027569026364957394
2000-07-25,4029.57,0.012055545927862621
2000-07-26,3987.72,-0.01038572353874001
2000-07-27,3842.23,-0.036484507437834046
2000-07-28,3663.0,-0.046647389666938266
2000-07-31,3766.99,0.02838929838929838
2000-08-01,3685.52,-0.021627347033042255
2000-08-02,3658.46,-0.007342247498317689
2000-08-03,3759.88,0.027722046981516923
2000-08-04,3787.36,0.007308743896081715
2000-08-07,3862.99,0.019969054961767485
2000-08-08,3848.55,-0.00373803711632692
2000-08-09,3853.5,0.0012861986982108942
2000-08-10,3759.99,-0.02426625145971195
2000-08-11,3789.47,0.007840446384165922
2000-08-14,3849.69,0.015891404338865378
2000-08-15,3851.66,0.0005117295158829638
2000-08-16,3861.2,0.0024768541356194884
2000-08-17,3940.87,0.02063348181912361
2000-08-18,3930.34,-0.0026719988225949454
2000-08-21,3953.15,0.00580356915686675
2000-08-22,3958.21,0.0012799919051895703
2000-08-23,4011.01,0.013339362994889248
2000-08-24,4053.28,0.010538492798571886
2000-08-25,4042.68,-0.0026151659890262247
2000-08-28,4070.59,0.006903836069142244
2000-08-29,4082.17,0.0028447964545679216
2000-08-30,4103.81,0.0053011021099074185
2000-08-31,4206.35,0.024986536901074885
2000-09-01,4234.33,0.006651847801538047
2000-09-05,4143.18,-0.021526428029936207
2000-09-06,4013.34,-0.03133824743313107
2000-09-07,4098.35,0.021181858501896134
2000-09-08,3978.41,-0.02926543609013399
2000-09-11,3896.35,-0.020626330619518796
2000-09-12,3849.51,-0.01202150730812157
2000-09-13,3893.89,0.011528740021457207
2000-09-14,3913.86,0.005128547545000028
2000-09-15,3835.23,-0.020090141190538313
2000-09-18,3726.52,-0.028345105769406298
2000-09-19,3865.64,0.037332417375996796
2000-09-20,3897.44,0.008226322161401622
2000-09-21,3828.87,-0.0175935999014738
2000-09-22,3803.76,-0.006558070657922466
2000-09-25,3741.22,-0.016441626180411117
2000-09-26,3689.1,-0.013931284447319281
2000-09-27,3656.3,-0.008891057439483818
2000-09-28,3778.32,0.03337253507644333
2000-09-29,3672.82,-0.02792246289356115
2000-10-02,3568.9,-0.028294335143023597
2000-10-03,3455.83,-0.03168203087786159
2000-10-04,3523.1,0.019465656586116875
2000-10-05,3472.1,-0.014475887712525948
2000-10-06,3361.01,-0.0319950462256271
2000-10-09,3355.56,-0.0016215363834086727
2000-10-10,3240.54,-0.03427743804312844
2000-10-11,3168.49,-0.0222339486628772
2000-10-12,3074.68,-0.02960716303349542
2000-10-13,3316.77,0.07873664901713351
2000-10-16,3290.28,-0.007986685841948615
2000-10-17,3213.96,-0.023195594295926214
2000-10-18,3171.56,-0.013192447945836294
2000-10-19,3418.6,0.0778922675276521
2000-10-20,3483.14,0.018879073304861604
2000-10-23,3468.69,-0.0041485556136129365
2000-10-24,3419.79,-0.014097541146657733
2000-10-25,3229.57,-0.05562329850663339
2000-10-26,3272.18,0.013193706902157043
2000-10-27,3278.36,0.001888649157442579
2000-10-30,3191.4,-0.026525457850876677
2000-10-31,3369.63,0.0558469637149841
2000-11-01,3333.39,-0.010754890002759976
2000-11-02,3429.02,0.028688512295291124
2000-11-03,3451.58,0.006579139229284214
2000-11-06,3416.21,-0.0102474808638362
2000-11-07,3415.79,-0.00012294326168471592
2000-11-08,3231.7,-0.05389382836766898
2000-11-09,3200.35,-0.009700776681003775
2000-11-10,3028.99,-0.05354414360929283
2000-11-13,2966.72,-0.020558007784773125
2000-11-14,3138.27,0.057824803149606474
2000-11-15,3165.49,0.008673568558473344
2000-11-16,3031.88,-0.04220831530031677
2000-11-17,3027.19,-0.0015468949958441502
2000-11-20,2875.64,-0.05006292964762704
2000-11-21,2871.45,-0.0014570669485749477
2000-11-22,2755.34,-0.04043601664664187
2000-11-24,2904.38,0.05409132811195705
2000-11-27,2880.49,-0.008225507681501876
2000-11-28,2734.98,-0.05051571086863682
2000-11-29,2706.93,-0.010256016497378506
2000-11-30,2597.93,-0.04026701835658841
2000-12-01,2645.29,0.018229898419126034
2000-12-04,2615.75,-0.01116701760487504
2000-12-05,2889.8,0.10476918665774648
2000-12-06,2796.5,-0.03228597134749811
2000-12-07,2752.66,-0.015676738780618704
2000-12-08,2917.43,0.05985846417646923
2000-12-11,3015.1,0.033478095447020184
2000-12-12,2931.77,-0.027637557626612685
2000-12-13,2822.77,-0.037178905575812604
2000-12-14,2728.51,-0.0333927312533433
2000-12-15,2653.27,-0.027575489919406615
2000-12-18,2624.52,-0.010835685776419246
2000-12-19,2511.71,-0.04298309786170418
2000-12-20,2332.78,-0.07123831971047612
2000-12-21,2340.12,0.003146460446334265
2000-12-22,2517.02,0.07559441396167732
2000-12-26,2493.52,-0.009336437533273512
2000-12-27,2539.35,0.018379640026949806
2000-12-28,2557.76,0.007249886782050741
2000-12-29,2470.52,-0.0341079694732892
2001-01-02,2291.86,-0.07231675922477854
2001-01-03,2616.69,0.14173204296946573
2001-01-04,2566.83,-0.019054607156369308
2001-01-05,2407.65,-0.06201423545774354
2001-01-08,2395.92,-0.004871970593732455
2001-01-09,2441.3,0.018940532238138186
2001-01-10,2524.18,0.03394912546594009
2001-01-11,2640.57,0.046110023849329496
2001-01-12,2626.5,-0.005328395005623876
2001-01-16,2618.55,-0.0030268418046829337
2001-01-17,2682.78,0.02452884229821839
2001-01-18,2768.49,0.03194820298347212
2001-01-19,2770.38,0.0006826826176002943
2001-01-22,2757.91,-0.004501187562717113
2001-01-23,2840.39,0.029906704714802057
2001-01-24,2859.15,0.0066047268156839145
2001-01-25,2754.28,-0.03667873318993409
2001-01-26,2781.3,0.00981018632818742
2001-01-29,2838.34,0.02050839535469029
2001-01-30,2838.35,3.5231860875395427e-06
2001-01-31,2772.73,-0.02311906565434141
2001-02-01,2782.79,0.0036281931525967703
2001-02-02,2660.5,-0.04394510545172292
2001-02-05,2643.21,-0.006498778425108043
2001-02-06,2664.49,0.008050816999027655
2001-02-07,2607.82,-0.021268610503323182
2001-02-08,2562.06,-0.017547223351304986
2001-02-09,2470.97,-0.03555342185585042
2001-02-12,2489.66,0.007563831207987093
2001-02-13,2427.72,-0.024878899126788423
2001-02-14,2491.4,0.026230372530605006
2001-02-15,2552.91,0.02468892991892102
2001-02-16,2425.38,-0.04995475751201561
2001-02-20,2318.35,-0.04412916738820316
2001-02-21,2268.94,-0.021312571440895378
2001-02-22,2244.96,-0.010568811868096994
2001-02-23,2262.51,0.007817511225144402
2001-02-26,2308.5,0.020326981980190117
2001-02-27,2207.82,-0.043612735542560066
2001-02-28,2151.83,-0.025359857234738437
2001-03-01,2183.37,0.014657291700552522
2001-03-02,2117.63,-0.030109418009773736
2001-03-05,2142.92,0.011942596204247202
2001-03-06,2204.43,0.028703824687809076
2001-03-07,2223.92,0.008841287770534834
2001-03-08,2168.73,-0.024816540163315248
2001-03-09,2052.78,-0.053464469989348506
2001-03-12,1923.38,-0.06303646761952086
2001-03-13,2014.78,0.047520510767502966
2001-03-14,1972.09,-0.02118841759398049
2001-03-15,1940.71,-0.015912052695363776
2001-03-16,1890.91,-0.02566071180135099
2001-03-19,1951.18,0.03187354236848927
2001-03-20,1857.44,-0.048042722865138
2001-03-21,1830.23,-0.014649194590404035
2001-03-22,1897.7,0.03686421925113237
2001-03-23,1928.68,0.016325025030299756
2001-03-26,1918.49,-0.005283406267499013
2001-03-27,1972.23,0.028011613300043203
2001-03-28,1854.13,-0.059881453988632094
2001-03-29,1820.57,-0.018100133216117587
2001-03-30,1840.26,0.010815294111184981
2001-04-02,1782.97,-0.03113147055307397
2001-04-03,1673.0,-0.061677986730006684
2001-04-04,1638.8,-0.020442319187089053
2001-04-05,1785.0,0.08921161825726154
2001-04-06,1720.36,-0.036212885154061736
2001-04-09,1745.71,0.014735287962984511
2001-04-10,1852.03,0.06090358650634986
2001-04-11,1898.95,0.025334362834295465
2001-04-12,1961.43,0.032902393427947096
2001-04-16,1909.57,-0.026439893343122134
2001-04-17,1923.22,0.007148206140649593
2001-04-18,2079.44,0.08122835661026828
2001-04-19,2182.14,0.04938829684915169
2001-04-20,2163.41,-0.0085833172940325
2001-04-23,2059.32,-0.048113857290111306
2001-04-24,2016.61,-0.02073985587475491
2001-04-25,2059.8,0.02141713072929341
2001-04-26,2034.88,-0.012098261967181334
2001-04-27,2075.68,0.020050322377732188
2001-04-30,2116.24,0.01954058429044947
2001-05-01,2168.24,0.024571882206176898
2001-05-02,2220.6,0.024148618234143937
2001-05-03,2146.2,-0.03350445825452586
2001-05-04,2191.53,0.021121051160190252
2001-05-07,2173.57,-0.00819518783680806
2001-05-08,2198.77,0.01159382950629606
2001-05-09,2156.63,-0.019165260577504672
2001-05-10,2128.86,-0.0128765713172867
2001-05-11,2107.43,-0.010066420525539632
2001-05-14,2081.92,-0.01210479114371521
2001-05-15,2085.58,0.0017579926221948927
2001-05-16,2166.44,0.03877098936506873
2001-05-17,2193.68,0.01257362308672283
2001-05-18,2198.88,0.0023704460085336443
2001-05-21,2305.59,0.04852925125518448
2001-05-22,2313.85,0.0035825970792724426
2001-05-23,2243.48,-0.030412515936642293
2001-05-24,2282.02,0.01717866885374497
2001-05-25,2251.03,-0.013580073794269842
2001-05-29,2175.54,-0.0335357591857951
2001-05-30,2084.5,-0.04184708164409756
2001-05-31,2110.49,0.012468217798033088
2001-06-01,2149.44,0.018455429781709665
2001-06-04,2155.93,0.003019391097215829
2001-06-05,2233.66,0.03605404628165099
2001-06-06,2217.73,-0.007131792663162662
2001-06-07,2264.0,0.020863675920874014
2001-06-08,2215.1,-0.02159893992932871
2001-06-11,2170.78,-0.020008126043970842
2001-06-12,2169.95,-0.0003823510443252687
2001-06-13,2121.66,-0.022253968985460504
2001-06-14,2044.07,-0.03657042127390808
2001-06-15,2028.43,-0.007651401370794453
2001-06-18,1988.63,-0.019621086258830744
2001-06-19,1992.66,0.002026520770580742
2001-06-20,2031.24,0.019361055072114608
2001-06-21,2058.76,0.013548374391997076
2001-06-22,2034.84,-0.011618644232450737
2001-06-25,2050.87,0.007877769259499567
2001-06-26,2064.62,0.006704471760764941
2001-06-27,2074.74,0.0049016283868217325
2001-06-28,2125.46,0.02444643666194324
2001-06-29,2160.54,0.01650466252011329
2001-07-02,2148.72,-0.005470854508595191
2001-07-03,2140.8,-0.003685915335641554
2001-07-05,2080.11,-0.028349215246636805
2001-07-06,2004.16,-0.03651249212782015
2001-07-09,2026.71,0.011251596678907738
2001-07-10,1962.79,-0.03153879933488268
2001-07-11,1972.04,0.0047126794002414485
2001-07-12,2075.74,0.0525851402608466
2001-07-13,2084.79,0.004359890930463406
2001-07-16,2029.12,-0.026702929311825163
2001-07-17,2067.32,0.018825894969247914
2001-07-18,2016.17,-0.024742178279124727
2001-07-19,2046.59,0.015088013411567402
2001-07-20,2029.37,-0.008413995964018262
2001-07-23,1988.56,-0.02010968921389389
2001-07-24,1959.24,-0.014744337611135694
2001-07-25,1984.32,0.012800881974643241
2001-07-26,2022.96,0.019472665699080904
2001-07-27,2029.07,0.003020326650057248
2001-07-30,2017.84,-0.005534555239592565
2001-07-31,2027.13,0.004603932918368248
2001-08-01,2068.38,0.02034896627251337
2001-08-02,2087.38,0.009185932952358922
2001-08-03,2066.33,-0.010084412038057322
2001-08-06,2034.26,-0.015520270237570966
2001-08-07,2027.79,-0.003180517731263488
2001-08-08,1966.36,-0.03029406398098422
2001-08-09,1963.32,-0.0015460037836407814
2001-08-10,1956.47,-0.0034889880406657747
2001-08-13,1982.25,0.013176792897412248
2001-08-14,1964.53,-0.0089393366124354
2001-08-15,1918.89,-0.023232019872437615
2001-08-16,1930.32,0.005956568641245719
2001-08-17,1867.01,-0.03279767085250107
2001-08-20,1881.35,0.007680730151418569
2001-08-21,1831.3,-0.026603237037233884
2001-08-22,1860.01,0.01567738764811888
2001-08-23,1842.97,-0.009161241068596393
2001-08-24,1916.8,0.04006033739019088
2001-08-27,1912.41,-0.0022902754590984342
2001-08-28,1864.98,-0.02480116711374658
2001-08-29,1843.17,-0.011694495383328452
2001-08-30,1791.68,-0.027935567527683336
2001-08-31,1805.43,0.007674361493123838
2001-09-04,1770.78,-0.01919210382014258
2001-09-05,1759.01,-0.006646788420921812
2001-09-06,1705.64,-0.03034093040971908
2001-09-07,1687.7,-0.010518046012054194
2001-09-10,1695.38,0.0045505717840848
2001-09-17,1579.55,-0.0683209663910157
2001-09-18,1555.08,-0.015491753980564127
2001-09-19,1527.8,-0.01754250585178896
2001-09-20,1470.93,-0.037223458567875345
2001-09-21,1423.19,-0.03245565730524225
2001-09-24,1499.4,0.053548718020784314
2001-09-25,1501.64,0.0014939309056956063
2001-09-26,1464.04,-0.02503929037585584
2001-09-27,1460.71,-0.0022745280183601446
2001-09-28,1498.8,0.026076360126239928
2001-10-01,1480.46,-0.012236455831331705
2001-10-02,1492.33,0.008017778258108788
2001-10-03,1580.81,0.05928983535813126
2001-10-04,1597.31,0.01043768700855896
2001-10-05,1605.3,0.005002159881300372
2001-10-08,1605.95,0.00040490873979948105
2001-10-09,1570.19,-0.02226719387278553
2001-10-10,1626.26,0.03570905431826721
2001-10-11,1701.47,0.04624721754209049
2001-10-12,1703.4,0.0011343132702898995
2001-10-15,1696.31,-0.004162263707878422
2001-10-16,1722.07,0.015185903519993493
2001-10-17,1646.34,-0.04397614498829894
2001-10-18,1652.72,0.0038752627039373433
2001-10-19,1671.31,0.01124812430417732
2001-10-22,1708.08,0.02200070603299209
2001-10-23,1704.44,-0.0021310477261017313
2001-10-24,1731.54,0.015899650325033488
2001-10-25,1775.47,0.025370479457592632
2001-10-26,1768.96,-0.003666634750235098
2001-10-29,1699.52,-0.039254703328509444
2001-10-30,1667.41,-0.018893569949162026
2001-10-31,1690.2,0.013667904114764706
2001-11-01,1746.3,0.033191338303159235
2001-11-02,1745.73,-0.000326404397869795
2001-11-05,1793.65,0.027449834739621926
2001-11-06,1835.08,0.023098151813341516
2001-11-07,1837.53,0.0013350916581293948
2001-11-08,1827.77,-0.005311477907843698
2001-11-09,1828.48,0.0003884515010095235
2001-11-12,1840.13,0.006371412320615999
2001-11-13,1892.11,0.02824800421709317
2001-11-14,1903.19,0.005855896327380705
2001-11-15,1900.57,-0.0013766360689159152
2001-11-16,1898.58,-0.0010470543047612635
2001-11-19,1934.42,0.018877266167346196
2001-11-20,1880.51,-0.027868818560602193
2001-11-21,1875.05,-0.0029034676763218803
2001-11-23,1903.2,0.015012932988453631
2001-11-26,1941.23,0.019982135350987695
2001-11-27,1935.97,-0.0027096222498106393
2001-11-28,1887.97,-0.024793772630774202
2001-11-29,1933.26,0.02398872863445911
2001-11-30,1930.58,-0.001386259478807883
2001-12-03,1904.9,-0.01330170207916781
2001-12-04,1963.1,0.03055278492309288
2001-12-05,2046.84,0.042657022056950655
2001-12-06,2054.27,0.0036299857341073327
2001-12-07,2021.26,-0.016068968538702322
2001-12-10,1992.12,-0.01441674994805231
2001-12-11,2001.93,0.004924402144449225
2001-12-12,2011.38,0.0047204447707962505
2001-12-13,1946.51,-0.03225148902743391
2001-12-14,1953.17,0.003421508237820614
2001-12-17,1987.45,0.0175509556259823
2001-12-18,2004.76,0.008709653073033286
2001-12-19,1982.89,-0.01090903649314623
2001-12-20,1918.54,-0.03245263226906192
2001-12-21,1945.83,0.01422435810564271
2001-12-24,1944.48,-0.000693791338400529
2001-12-26,1960.7,0.008341561754299454
2001-12-27,1976.42,0.0080175447544244
2001-12-28,1987.26,0.005484664190809507
2001-12-31,1950.4,-0.018548151726497708
2002-01-02,1979.25,0.014791837571780153
2002-01-03,2044.27,0.03285082733358591
2002-01-04,2059.38,0.007391391548083215
2002-01-07,2037.1,-0.010818790121298716
2002-01-08,2055.74,0.009150262628246031
2002-01-09,2044.89,-0.005277904793407617
2002-01-10,2047.24,0.0011492060697642081
2002-01-11,2022.46,-0.012104101131279132
2002-01-14,1990.74,-0.01568387013834638
2002-01-15,2000.91,0.005108653063684798
2002-01-16,1944.44,-0.02822215891769242
2002-01-17,1985.82,0.021281191499866292
2002-01-18,1930.34,-0.027938080994249215
2002-01-22,1882.53,-0.024767657511111985
2002-01-23,1922.38,0.021168321354772646
2002-01-24,1942.58,0.010507808029629917
2002-01-25,1937.7,-0.002512123052847204
2002-01-28,1943.91,0.003204830469112796
2002-01-29,1892.99,-0.026194628352135707
2002-01-30,1913.44,0.01080301533552741
2002-01-31,1934.03,0.010760724140814304
2002-02-01,1911.24,-0.01178368484459913
2002-02-04,1855.53,-0.02914861555848558
2002-02-05,1838.52,-0.009167192123005319
2002-02-06,1812.71,-0.014038465722428839
2002-02-07,1782.11,-0.016880802775954273
2002-02-08,1818.88,0.020632845335024408
2002-02-11,1846.66,0.0152731351161155
2002-02-12,1834.21,-0.006741901595312627
2002-02-13,1859.16,0.01360258639959433
2002-02-14,1843.37,-0.008493082897652826
2002-02-15,1805.2,-0.02070664055507021
2002-02-19,1750.61,-0.030240416574340845
2002-02-20,1775.57,0.01425788725072974
2002-02-21,1716.24,-0.033414621783427245
2002-02-22,1724.54,0.004836153451731606
2002-02-25,1769.88,0.026291068922727368
2002-02-26,1766.86,-0.0017063303726807533
2002-02-27,1751.88,-0.008478317467145002
2002-02-28,1731.49,-0.011638925040527992
2002-03-01,1802.74,0.04114953017343437
2002-03-04,1859.32,0.03138555754018868
2002-03-05,1866.29,0.003748682313964302
2002-03-06,1890.4,0.012918678233286407
2002-03-07,1881.63,-0.004639229792636423
2002-03-08,1929.67,0.025531055521011092
2002-03-11,1929.49,-9.328019816867705e-05
2002-03-12,1897.12,-0.016776453881595765
2002-03-13,1862.03,-0.018496457788648057
2002-03-14,1854.14,-0.004237310891875956
2002-03-15,1868.3,0.007636963767568616
2002-03-18,1877.06,0.004688754482684798
2002-03-19,1880.87,0.002029769959404515
2002-03-20,1832.87,-0.025520105057765807
2002-03-21,1868.83,0.019619503838242736
2002-03-22,1851.39,-0.009332041972785032
2002-03-25,1812.49,-0.021011240203306802
2002-03-26,1824.17,0.006444173485095073
2002-03-27,1826.75,0.0014143418650673922
2002-03-28,1845.35,0.010182017243738795
2002-04-01,1862.62,0.009358658249112528
2002-04-02,1804.4,-0.031257046525861365
2002-04-03,1784.35,-0.01111172688982498
2002-04-04,1789.75,0.0030263121024463047
2002-04-05,1770.03,-0.011018298645062208
2002-04-08,1785.87,0.008949000864391987
2002-04-09,1742.57,-0.024245885758761854
2002-04-10,1767.07,0.014059693441296428
2002-04-11,1725.24,-0.0236719541387721
2002-04-12,1756.19,0.017939533050474132
2002-04-15,1753.78,-0.00137228887534957
2002-04-16,1816.79,0.03592810956904513
2002-04-17,1810.67,-0.003368578646954168
2002-04-18,1802.43,-0.004550801636963087
2002-04-19,1796.83,-0.0031069167734669723
2002-04-22,1758.68,-0.021231836066850973
2002-04-23,1730.29,-0.016142788909864314
2002-04-24,1713.34,-0.009796045749556503
2002-04-25,1713.7,0.00021011591394604068
2002-04-26,1663.89,-0.029065764136079753
2002-04-29,1656.93,-0.004182968826064282
2002-04-30,1688.23,0.0188903574683299
2002-05-01,1677.53,-0.006337998969334735
2002-05-02,1644.82,-0.019498906129845728
2002-05-03,1613.03,-0.01932734280954751
2002-05-06,1578.48,-0.021419316441727676
2002-05-07,1573.82,-0.0029522071866606714
2002-05-08,1696.29,0.077817031172561
2002-05-09,1650.49,-0.027000100218712575
2002-05-10,1600.85,-0.030075916848935846
2002-05-13,1652.54,0.032289096417528196
2002-05-14,1719.05,0.040247134713834454
2002-05-15,1725.56,0.0037869753643000603
2002-05-16,1730.44,0.002828067410000301
2002-05-17,1741.39,0.006327870368230126
2002-05-20,1701.59,-0.02285530524466095
2002-05-21,1664.18,-0.021985319612832566
2002-05-22,1673.45,0.005570310903868503
2002-05-23,1697.63,0.01444919178941717
2002-05-24,1661.49,-0.021288502206016635
2002-05-28,1652.17,-0.0056094228674261615
2002-05-29,1624.39,-0.016814250349540316
2002-05-30,1631.92,0.004635586281619641
2002-05-31,1615.73,-0.009920829452424118
2002-06-03,1562.56,-0.03290772591955349
2002-06-04,1578.12,0.00995801761212367
2002-06-05,1595.26,0.010861024510176787
2002-06-06,1554.88,-0.025312488246429954
2002-06-07,1535.48,-0.012476847087878218
2002-06-10,1530.69,-0.0031195456795268806
2002-06-11,1497.18,-0.02189208788193564
2002-06-12,1519.12,0.014654216593863012
2002-06-13,1496.88,-0.014640054768550126
2002-06-14,1504.74,0.005250921917588469
2002-06-17,1553.29,0.03226471018249
2002-06-18,1542.96,-0.0066504001184581885
2002-06-19,1496.83,-0.029897080935345155
2002-06-20,1464.75,-0.021431959541163614
2002-06-21,1440.96,-0.016241679467485892
2002-06-24,1460.34,0.013449367088607556
2002-06-25,1423.99,-0.024891463631756983
2002-06-26,1429.33,0.003750026334454537
2002-06-27,1459.2,0.020897903213393798
2002-06-28,1463.21,0.0027480811403508554
2002-07-01,1403.8,-0.04060251091777667
2002-07-02,1357.82,-0.032753953554637394
2002-07-03,1380.17,0.016460208275029142
2002-07-05,1448.36,0.04940695711397858
2002-07-08,1405.61,-0.029516142395537015
2002-07-09,1381.12,-0.017423040530445855
2002-07-10,1346.01,-0.025421397126969336
2002-07-11,1374.43,0.02111425620909202
2002-07-12,1373.5,-0.0006766441361146791
2002-07-15,1382.62,0.0066399708773206
2002-07-16,1375.26,-0.005323226917012591
2002-07-17,1397.25,0.015989703765106222
2002-07-18,1356.95,-0.028842368938987284
2002-07-19,1319.15,-0.02785659014702091
2002-07-22,1282.65,-0.027669332524731804
2002-07-23,1229.05,-0.04178848477760899
2002-07-24,1290.23,0.049778284040519205
2002-07-25,1240.08,-0.03886903885353776
2002-07-26,1262.12,0.017773046900199985
2002-07-29,1335.25,0.05794219250150556
2002-07-30,1344.19,0.006695375397865577
2002-07-31,1328.26,-0.011851003206391986
2002-08-01,1280.0,-0.03633324800867299
2002-08-02,1247.92,-0.025062499999999988
2002-08-05,1206.01,-0.03358388358228093
2002-08-06,1259.55,0.04439432508851504
2002-08-07,1280.9,0.016950498193799568
2002-08-08,1316.52,0.027808572097743678
2002-08-09,1306.12,-0.00789961413423279
2002-08-12,1306.84,0.0005512510335956566
2002-08-13,1269.28,-0.02874108536622688
2002-08-14,1334.3,0.051225891844195015
2002-08-15,1345.01,0.008026680656524121
2002-08-16,1361.01,0.011895822335893369
2002-08-19,1394.54,0.024636115825747096
2002-08-20,1376.59,-0.012871627920317819
2002-08-21,1409.25,0.02372529220755637
2002-08-22,1422.95,0.00972148305836451
2002-08-23,1380.62,-0.0297480586106329
2002-08-26,1391.74,0.008054352392403485
2002-08-27,1347.78,-0.031586359521174945
2002-08-28,1314.38,-0.024781492528454074
2002-08-29,1335.77,0.016273832529405396
2002-08-30,1314.85,-0.015661378830187922
2002-09-03,1263.84,-0.03879529984408869
2002-09-04,1292.31,0.022526585643752428
2002-09-05,1251.0,-0.03196601434640289
2002-09-06,1295.3,0.035411670663469286
2002-09-09,1304.6,0.007179803906430804
2002-09-10,1320.09,0.011873371148244605
2002-09-11,1315.45,-0.0035149118620698694
2002-09-12,1279.68,-0.02719221559162266
2002-09-13,1291.4,0.009158539634908758
2002-09-16,1275.88,-0.012017964999225583
2002-09-17,1259.94,-0.012493337931466897
2002-09-18,1252.13,-0.0061987078749781155
2002-09-19,1216.45,-0.02849544376382651
2002-09-20,1221.09,0.0038143779029140568
2002-09-23,1184.93,-0.029612886846997255
2002-09-24,1182.17,-0.002329251516967279
2002-09-25,1222.29,0.03393758934840152
2002-09-26,1221.61,-0.0005563327851819677
2002-09-27,1199.16,-0.01837738721850657
2002-09-30,1172.06,-0.022599152740251593
2002-10-01,1213.72,0.035544255413545445
2002-10-02,1187.3,-0.021767788287249124
2002-10-03,1165.56,-0.018310452286700918
2002-10-04,1139.9,-0.022015168674285213
2002-10-07,1119.4,-0.0179840336871655
2002-10-08,1129.22,0.008772556726817982
2002-10-09,1114.11,-0.013380917801668502
2002-10-10,1163.37,0.04421466462019019
2002-10-11,1210.47,0.04048582995951433
2002-10-14,1220.53,0.008310821416474656
2002-10-15,1282.44,0.05072386586155209
2002-10-16,1232.42,-0.03900377405570632
2002-10-17,1272.29,0.032350984242384806
2002-10-18,1287.86,0.012237775978746868
2002-10-21,1309.67,0.016935070582206224
2002-10-22,1292.8,-0.012881107454549734
2002-10-23,1320.23,0.0212175123762377
2002-10-24,1298.71,-0.016300190118388458
2002-10-25,1331.13,0.024963232746340713
2002-10-28,1315.83,-0.011493993824795656
2002-10-29,1300.54,-0.011620042102703176
2002-10-30,1326.73,0.020137788918449306
2002-10-31,1329.75,0.0022762732432370925
2002-11-01,1360.7,0.023275051701447724
2002-11-04,1396.54,0.026339384140515953
2002-11-05,1401.17,0.003315336474429831
2002-11-06,1418.99,0.012717942862036757
2002-11-07,1376.71,-0.029795840703598975
2002-11-08,1359.28,-0.012660618430896942
2002-11-11,1319.19,-0.02949355541168852
2002-11-12,1349.56,0.02302170271151227
2002-11-13,1361.33,0.00872136103618959
2002-11-14,1411.52,0.03686835668059918
2002-11-15,1411.14,-0.00026921333031049155
2002-11-18,1393.69,-0.012365888572359984
2002-11-19,1374.51,-0.013762027423602108
2002-11-20,1419.35,0.03262253457595787
2002-11-21,1467.55,0.033959206679113674
2002-11-22,1468.74,0.0008108752683042564
2002-11-25,1481.9,0.008960061004670727
2002-11-26,1444.43,-0.025285106957284587
2002-11-27,1487.94,0.030122608918396798
2002-11-29,1478.78,-0.00615616221084192
2002-12-02,1484.78,0.004057398666468259
2002-12-03,1448.96,-0.024124786163606693
2002-12-04,1430.35,-0.01284369478798597
2002-12-05,1410.75,-0.01370293983989923
2002-12-06,1422.44,0.008286372496898897
2002-12-09,1367.14,-0.03887685948089192
2002-12-10,1390.76,0.017276943107509046
2002-12-11,1396.59,0.004191952601455329
2002-12-12,1399.55,0.002119448084262343
2002-12-13,1362.42,-0.026529956057304016
2002-12-16,1400.33,0.02782548700107146
2002-12-17,1392.05,-0.005912891961180611
2002-12-18,1361.51,-0.021938867138392992
2002-12-19,1354.1,-0.005442486650851008
2002-12-20,1363.05,0.00660955616276504
2002-12-23,1381.69,0.013675213675213849
2002-12-24,1372.47,-0.006672987428439137
2002-12-26,1367.89,-0.0033370492615503178
2002-12-27,1348.31,-0.014314016477933289
2002-12-30,1339.54,-0.006504438890166164
2002-12-31,1335.51,-0.003008495453663218
2003-01-02,1384.85,0.03694468779717108
2003-01-03,1387.08,0.0016102827020976207
2003-01-06,1421.32,0.024684949678461132
2003-01-07,1431.57,0.007211606112627722
2003-01-08,1401.07,-0.021305280216824873
2003-01-09,1438.46,0.02668674655798786
2003-01-10,1447.72,0.006437440040042874
2003-01-13,1446.04,-0.0011604453899926037
2003-01-14,1460.99,0.010338579845647455
2003-01-15,1438.8,-0.015188331200076677
2003-01-16,1423.75,-0.0104601056435919
2003-01-17,1376.19,-0.03340474100087798
2003-01-21,1364.25,-0.00867612756959435
2003-01-22,1359.48,-0.003496426608026404
2003-01-23,1388.27,0.021177214817430068
2003-01-24,1342.14,-0.033228406577971104
2003-01-27,1325.27,-0.012569478593887462
2003-01-28,1342.18,0.012759664068453969
2003-01-29,1358.06,0.011831498010698827
2003-01-30,1322.35,-0.026294861788139
2003-01-31,1320.91,-0.0010889703936173278
2003-02-03,1323.79,0.002180315085811957
2003-02-04,1306.15,-0.013325376381450149
2003-02-05,1301.5,-0.0035600811545382083
2003-02-06,1301.73,0.00017671917018824423
2003-02-07,1282.47,-0.014795694959784278
2003-02-10,1296.68,0.011080181212815843
2003-02-11,1295.46,-0.0009408643612919265
2003-02-12,1278.97,-0.012729069210936639
2003-02-13,1277.44,-0.001196275127641755
2003-02-14,1310.17,0.02562155561122248
2003-02-18,1346.54,0.02775975636749428
2003-02-19,1334.32,-0.009075111025294458
2003-02-20,1331.23,-0.0023157863181245686
2003-02-21,1349.02,0.013363581049104845
2003-02-24,1322.38,-0.01974766867800315
2003-02-25,1328.98,0.004991001073821444
2003-02-26,1303.68,-0.01903715631536962
2003-02-27,1323.94,0.015540623465881254
2003-02-28,1337.52,0.010257262413704504
2003-03-03,1320.29,-0.01288205036186374
2003-03-04,1307.77,-0.009482765150080619
2003-03-05,1314.4,0.005069698800247879
2003-03-06,1302.89,-0.008756847230675602
2003-03-07,1305.29,0.0018420588077272537
2003-03-10,1278.37,-0.02062376943054811
2003-03-11,1271.47,-0.005397498376839116
2003-03-12,1279.24,0.006111036831384142
2003-03-13,1340.77,0.04809887120477785
2003-03-14,1340.33,-0.00032816963386717024
2003-03-17,1392.27,0.03875165071288422
2003-03-18,1400.55,0.005947122325411058
2003-03-19,1397.07,-0.002484738138588405
2003-03-20,1402.77,0.004079967360261172
2003-03-21,1421.84,0.01359453082116091
2003-03-24,1369.78,-0.03661452765430706
2003-03-25,1391.01,0.015498839229657335
2003-03-26,1387.45,-0.0025592914500973674
2003-03-27,1384.25,-0.0023063894194386148
2003-03-28,1369.6,-0.01058334838360131
2003-03-31,1341.17,-0.02075788551401858
2003-04-01,1348.3,0.0053162537187678716
2003-04-02,1396.72,0.03591188904546461
2003-04-03,1396.58,-0.00010023483590138049
2003-04-04,1383.51,-0.009358575949820258
2003-04-07,1389.51,0.00433679554177413
2003-04-08,1382.94,-0.0047282855107195765
2003-04-09,1356.74,-0.01894514584869922
2003-04-10,1365.61,0.006537730147264664
2003-04-11,1358.85,-0.004950168789039311
2003-04-14,1384.95,0.019207418037310964
2003-04-15,1391.01,0.0043756092277698055
2003-04-16,1394.72,0.0026671267640059337
2003-04-17,1425.5,0.02206894573821261
2003-04-21,1424.37,-0.000792704314275805
2003-04-22,1451.36,0.018948728209664534
2003-04-23,1466.16,0.01019733215742491
2003-04-24,1457.23,-0.006090740437605713
2003-04-25,1434.54,-0.015570637442270607
2003-04-28,1462.24,0.019309325637486552
2003-04-29,1471.3,0.006195973301236446
2003-04-30,1464.31,-0.00475090056412697
2003-05-01,1472.56,0.005634052898634945
2003-05-02,1502.88,0.020589992937469548
2003-05-05,1504.04,0.0007718513786860726
2003-05-06,1523.71,0.013078109624744094
2003-05-07,1506.76,-0.011124164046964369
2003-05-08,1489.69,-0.011328944224693993
2003-05-09,1520.15,0.02044720713705539
2003-05-12,1541.4,0.013978883662796537
2003-05-13,1539.68,-0.0011158686908006032
2003-05-14,1534.9,-0.003104541203366895
2003-05-15,1551.38,0.010736855821226188
2003-05-16,1538.53,-0.008282948084930908
2003-05-19,1492.77,-0.029742676450897898
2003-05-20,1491.09,-0.0011254245463132584
2003-05-21,1489.87,-0.0008181934021420645
2003-05-22,1507.55,0.01186680717109545
2003-05-23,1510.09,0.001684852907034573
2003-05-27,1556.69,0.030859087868934987
2003-05-28,1563.24,0.004207645709807251
2003-05-29,1574.95,0.007490852332335374
2003-05-30,1595.91,0.013308358995523628
2003-06-02,1590.75,-0.0032332650337425495
2003-06-03,1603.56,0.008052805280527986
2003-06-04,1634.65,0.019388111452019352
2003-06-05,1646.01,0.006949499892943356
2003-06-06,1627.42,-0.011293977557851997
2003-06-09,1603.97,-0.014409310442295209
2003-06-10,1627.67,0.014775837453318896
2003-06-11,1646.02,0.011273783997984843
2003-06-12,1653.62,0.004617197846927601
2003-06-13,1626.49,-0.016406429530363642
2003-06-16,1666.58,0.02464816875603293
2003-06-17,1668.44,0.0011160580350177973
2003-06-18,1677.14,0.005214451823259969
2003-06-19,1648.64,-0.01699321463920722
2003-06-20,1644.72,-0.0023777173913044347
2003-06-23,1610.75,-0.020653971496668144
2003-06-24,1605.61,-0.0031910600651871013
2003-06-25,1602.66,-0.0018373079390385794
2003-06-26,1634.01,0.019561229456029228
2003-06-27,1625.26,-0.00535492438846763
2003-06-30,1622.8,-0.0015136039772097876
2003-07-01,1640.13,0.010679073206803169
2003-07-02,1678.73,0.023534719808795623
2003-07-03,1663.46,-0.009096161979591733
2003-07-07,1720.71,0.03441621680112528
2003-07-08,1746.46,0.014964752921759139
2003-07-09,1747.46,0.0005725868327932648
2003-07-10,1715.86,-0.018083389605484612
2003-07-11,1733.93,0.010531162216031786
2003-07-14,1754.82,0.012047775861770527
2003-07-15,1753.21,-0.0009174730171754852
2003-07-16,1747.97,-0.0029888033949155846
2003-07-17,1698.02,-0.028576005309015606
2003-07-18,1708.5,0.006171894323977245
2003-07-21,1681.41,-0.015856014047409994
2003-07-22,1706.1,0.014684104412368004
2003-07-23,1719.18,0.007666608053455315
2003-07-24,1701.42,-0.010330506404215956
2003-07-25,1730.7,0.017209154706069096
2003-07-28,1735.36,0.0026925521465301916
2003-07-29,1731.37,-0.00229923474091831
2003-07-30,1720.91,-0.006041458498183383
2003-07-31,1735.02,0.008199150449471393
2003-08-01,1715.62,-0.011181427303431746
2003-08-04,1714.06,-0.0009092922675184578
2003-08-05,1673.5,-0.023663115643559718
2003-08-06,1652.68,-0.012440991933074352
2003-08-07,1652.18,-0.0003025389065033357
2003-08-08,1644.03,-0.004932876563086386
2003-08-11,1661.51,0.010632409384256913
2003-08-12,1687.01,0.015347485118958115
2003-08-13,1686.61,-0.0002371058855609176
2003-08-14,1700.34,0.008140589703606649
2003-08-15,1702.01,0.0009821565098744323
2003-08-18,1739.49,0.022021022203159824
2003-08-19,1761.11,0.012428930318656661
2003-08-20,1760.54,-0.00032365951019519557
2003-08-21,1777.55,0.009661808308814246
2003-08-22,1765.32,-0.0068802565328682785
2003-08-25,1764.31,-0.0005721342306210797
2003-08-26,1770.65,0.003593472802398745
2003-08-27,1782.13,0.006483494761810649
2003-08-28,1800.18,0.010128329583139362
2003-08-29,1810.45,0.005704985057049861
2003-09-02,1841.48,0.0171393852357149
2003-09-03,1852.9,0.006201533549101912
2003-09-04,1868.97,0.008672891143612693
2003-09-05,1858.24,-0.005741130141200812
2003-09-08,1888.62,0.016348803168589665
2003-09-09,1873.43,-0.008042909637724804
2003-09-10,1823.81,-0.026486177759510676
2003-09-11,1846.09,0.01221618479995179
2003-09-12,1855.03,0.004842667475583484
2003-09-15,1845.7,-0.0050295682549608145
2003-09-16,1887.25,0.022511784146935998
2003-09-17,1883.1,-0.0021989667505630806
2003-09-18,1909.55,0.014045987998513088
2003-09-19,1905.7,-0.0020161818229424977
2003-09-22,1874.62,-0.016308967833342125
2003-09-23,1901.72,0.014456263135995684
2003-09-24,1843.7,-0.03050922322949745
2003-09-25,1817.24,-0.014351575635949465
2003-09-26,1792.07,-0.01385067464946843
2003-09-29,1824.56,0.01812987215901174
2003-09-30,1786.94,-0.020618669706668924
2003-10-01,1832.25,0.025356195507403756
2003-10-02,1836.22,0.0021667348887979276
2003-10-03,1880.57,0.02415287928461729
2003-10-06,1893.46,0.006854304811839018
2003-10-07,1907.85,0.007599843672430273
2003-10-08,1893.78,-0.00737479361585025
2003-10-09,1911.9,0.009568165256788053
2003-10-10,1915.31,0.0017835660860923142
2003-10-13,1933.53,0.009512820378946518
2003-10-14,1943.19,0.004996043505919312
2003-10-15,1939.1,-0.002104786459378727
2003-10-16,1950.14,0.005693362900314636
2003-10-17,1912.36,-0.01937296809459843
2003-10-20,1925.14,0.006682842142692991
2003-10-21,1940.9,0.00818641761118677
2003-10-22,1898.07,-0.02206708228141596
2003-10-23,1885.51,-0.006617248046700053
2003-10-24,1865.59,-0.010564780881565206
2003-10-27,1882.91,0.009283926264613385
2003-10-28,1932.26,0.026209431146470008
2003-10-29,1936.56,0.002225373396954833
2003-10-30,1932.69,-0.0019983888957738616
2003-10-31,1932.21,-0.00024835850550275484
2003-11-03,1967.7,0.018367568742527984
2003-11-04,1957.97,-0.004944859480611852
2003-11-05,1959.37,0.0007150262772155358
2003-11-06,1976.37,0.008676258185028818
2003-11-07,1970.74,-0.002848656881049516
2003-11-10,1941.64,-0.014766026974638913
2003-11-11,1930.75,-0.005608660719803926
2003-11-12,1973.11,0.021939660753593104
2003-11-13,1967.35,-0.0029192493069316594
2003-11-14,1930.26,-0.018852771494650145
2003-11-17,1909.61,-0.01069804067845792
2003-11-18,1881.75,-0.014589366415131866
2003-11-19,1899.65,0.009512421947655225
2003-11-20,1881.92,-0.009333298239149301
2003-11-21,1893.88,0.006355211698690688
2003-11-24,1947.14,0.02812216191099748
2003-11-25,1943.04,-0.002105652392740187
2003-11-26,1953.31,0.005285531949934086
2003-11-28,1960.26,0.003558062980274501
2003-12-01,1989.82,0.01507963229367526
2003-12-02,1980.07,-0.004899940698153582
2003-12-03,1960.25,-0.010009747130151903
2003-12-04,1968.8,0.004361688560132526
2003-12-05,1937.82,-0.015735473384802967
2003-12-08,1948.85,0.005691963133830802
2003-12-09,1908.32,-0.020796880211406688
2003-12-10,1904.65,-0.0019231575417120172
2003-12-11,1942.32,0.019777911952327143
2003-12-12,1949.0,0.0034391861279294833
2003-12-15,1918.26,-0.015772190867111346
2003-12-16,1924.29,0.003143473773106864
2003-12-17,1921.33,-0.0015382296847149535
2003-12-18,1956.18,0.018138476992500152
2003-12-19,1951.02,-0.0026377940680305523
2003-12-22,1955.8,0.002450000512552286
2003-12-23,1974.78,0.00970446875958686
2003-12-24,1969.23,-0.0028104396439097012
2003-12-26,1973.14,0.0019855476506045466
2003-12-29,2006.48,0.01689692571231638
2003-12-30,2009.88,0.0016945097882858917
2003-12-31,2003.37,-0.003238999343244453
2004-01-02,2006.68,0.001652216016013064
2004-01-05,2047.36,0.020272290549564476
2004-01-06,2057.37,0.004889223194748382
2004-01-07,2077.68,0.00987182665247377
2004-01-08,2100.25,0.010863078048592767
2004-01-09,2086.92,-0.006346863468634667
2004-01-12,2111.78,0.011912291798439778
2004-01-13,2096.44,-0.007264014243908101
2004-01-14,2111.13,0.007007116826620363
2004-01-15,2109.08,-0.0009710439432911722
2004-01-16,2140.46,0.014878525233751327
2004-01-20,2147.98,0.003513263504106634
2004-01-21,2142.45,-0.002574511866963447
2004-01-22,2119.01,-0.01094074540829404
2004-01-23,2123.87,0.002293523862558322
2004-01-26,2153.83,0.0141063247750568
2004-01-27,2116.04,-0.01754548873402262
2004-01-28,2077.37,-0.018274701801478277
2004-01-29,2068.23,-0.004399793970260357
2004-01-30,2066.15,-0.0010056908564327616
2004-02-02,2063.15,-0.0014519758972001418
2004-02-03,2066.21,0.0014831689406975546
2004-02-04,2014.14,-0.02520072983869015
2004-02-05,2019.56,0.0026909748081065388
2004-02-06,2064.01,0.022009744696864786
2004-02-09,2060.57,-0.001666658591770398
2004-02-10,2075.33,0.007163066530134765
2004-02-11,2089.66,0.00690492596358161
2004-02-12,2073.61,-0.007680675325172359
2004-02-13,2053.56,-0.009669127753049067
2004-02-17,2080.35,0.01304563781920165
2004-02-18,2076.47,-0.0018650707813590017
2004-02-19,2045.96,-0.014693205295525424
2004-02-20,2037.93,-0.003924807914133188
2004-02-23,2007.52,-0.014922004190526694
2004-02-24,2005.44,-0.0010361042480273586
2004-02-25,2022.98,0.008746210307962299
2004-02-26,2032.57,0.004740531295415629
2004-02-27,2029.82,-0.0013529669334881866
2004-03-01,2057.8,0.013784473500113359
2004-03-02,2039.65,-0.008820099134998594
2004-03-03,2033.36,-0.0030838624273773485
2004-03-04,2055.11,0.010696581028445618
2004-03-05,2047.63,-0.0036397078501880786
2004-03-08,2008.78,-0.018973154329639752
2004-03-09,1995.16,-0.006780234769362403
2004-03-10,1964.15,-0.015542613123759486
2004-03-11,1943.89,-0.010314894483618886
2004-03-12,1984.73,0.021009419257262518
2004-03-15,1939.2,-0.022940148030210605
2004-03-16,1943.09,0.00200598184818479
2004-03-17,1976.76,0.01732807023864047
2004-03-18,1962.44,-0.007244177340698932
2004-03-19,1940.47,-0.011195246733658126
2004-03-22,1909.9,-0.01575391528856407
2004-03-23,1901.8,-0.004241059741347808
2004-03-24,1909.48,0.004038279524660959
2004-03-25,1967.17,0.030212413850891462
2004-03-26,1960.02,-0.003634662993030613
2004-03-29,1992.57,0.016606973398230584
2004-03-30,2000.63,0.004045027276331714
2004-03-31,1994.22,-0.0032039907429159964
2004-04-01,2015.01,0.01042512862171674
2004-04-02,2057.17,0.02092297308698221
2004-04-05,2079.12,0.010669998104191558
2004-04-06,2059.9,-0.009244295663549895
2004-04-07,2050.24,-0.004689548036312607
2004-04-08,2052.88,0.0012876541282973442
2004-04-12,2065.48,0.006137718717119212
2004-04-13,2030.08,-0.017138873288533474
2004-04-14,2024.85,-0.0025762531525851395
2004-04-15,2002.17,-0.011200829691088154
2004-04-16,1995.74,-0.0032115155056763323
2004-04-19,2020.43,0.01237135097758224
2004-04-20,1978.63,-0.02068866528412261
2004-04-21,1995.63,0.008591803419537802
2004-04-22,2032.91,0.018680817586426368
2004-04-23,2049.77,0.008293529964435109
2004-04-26,2036.77,-0.006342174975728976
2004-04-27,2032.53,-0.0020817274409972164
2004-04-28,1989.54,-0.02115097932133847
2004-04-29,1958.78,-0.015460860299365664
2004-04-30,1920.15,-0.019721459275671482
2004-05-03,1938.72,0.009671119443793508
2004-05-04,1950.48,0.0060658578856152
2004-05-05,1957.26,0.0034760674295557514
2004-05-06,1937.74,-0.009973125696126184
2004-05-07,1917.96,-0.010207767811987178
2004-05-10,1896.07,-0.011413168157834441
2004-05-11,1931.35,0.01860690797280684
2004-05-12,1925.59,-0.0029823698449271685
2004-05-13,1926.03,0.00022850139437791128
2004-05-14,1904.25,-0.011308235074219963
2004-05-17,1876.64,-0.014499146645660987
2004-05-18,1897.82,0.011286128399693007
2004-05-19,1898.17,0.000184422126439987
2004-05-20,1896.59,-0.0008323806613739215
2004-05-21,1912.09,0.008172562335560185
2004-05-24,1922.98,0.005695338608538325
2004-05-25,1964.65,0.0216694921424041
2004-05-26,1976.15,0.005853459903799596
2004-05-27,1984.5,0.0042253877489055736
2004-05-28,1986.74,0.0011287477954144975
2004-06-01,1990.77,0.00202844861431295
2004-06-02,1988.98,-0.0008991495752899148
2004-06-03,1960.26,-0.014439561986545835
2004-06-04,1978.62,0.009366104496342231
2004-06-07,2020.62,0.02122691572914448
2004-06-08,2023.53,0.0014401520325444395
2004-06-09,1990.61,-0.016268599921918647
2004-06-10,1999.87,0.004651840390633932
2004-06-14,1969.99,-0.014940971163125538
2004-06-15,1995.6,0.013000065990182552
2004-06-16,1998.23,0.0013178993786331361
2004-06-17,1983.67,-0.007286448506928611
2004-06-18,1986.73,0.0015425952905472329
2004-06-21,1974.38,-0.006216244784142733
2004-06-22,1994.15,0.010013269988553342
2004-06-23,2020.98,0.013454353985407286
2004-06-24,2015.57,-0.002676919118447474
2004-06-25,2025.47,0.004911761933348968
2004-06-28,2019.82,-0.002789476022849069
2004-06-29,2034.93,0.007480864631501882
2004-06-30,2047.79,0.006319627702181307
2004-07-01,2015.55,-0.015743801854682382
2004-07-02,2006.66,-0.004410706754980009
2004-07-06,1963.43,-0.02154326094106629
2004-07-07,1966.08,0.0013496788782894065
2004-07-08,1935.32,-0.01564534505208337
2004-07-09,1946.33,0.005688981667114401
2004-07-12,1936.92,-0.0048347402547357365
2004-07-13,1931.66,-0.0027156516531400277
2004-07-14,1914.88,-0.00868682894505246
2004-07-15,1912.71,-0.0011332302807487427
2004-07-16,1883.15,-0.015454512184282954
2004-07-19,1883.83,0.0003610970979475159
2004-07-20,1917.07,0.0176449042641853
2004-07-21,1874.37,-0.02227357373491845
2004-07-22,1889.06,0.007837299999466474
2004-07-23,1849.09,-0.021158671508580973
2004-07-26,1839.02,-0.0054459220481425374
2004-07-27,1869.1,0.016356537721177622
2004-07-28,1858.26,-0.005799582686854543
2004-07-29,1881.06,0.012269542475218831
2004-07-30,1887.36,0.003349175464897325
2004-08-02,1892.09,0.002506146151237676
2004-08-03,1859.42,-0.017266620509595154
2004-08-04,1855.06,-0.002344817201062721
2004-08-05,1821.63,-0.018020980453462343
2004-08-06,1776.89,-0.024560421161267665
2004-08-09,1774.64,-0.0012662573372578256
2004-08-10,1808.7,0.019192624983095152
2004-08-11,1782.42,-0.014529772764969251
2004-08-12,1752.49,-0.01679177747107863
2004-08-13,1757.22,0.002699016827485412
2004-08-16,1782.84,0.01457984771400267
2004-08-17,1795.25,0.006960804110295982
2004-08-18,1831.37,0.02011976047904196
2004-08-19,1819.89,-0.006268531208876271
2004-08-20,1838.02,0.009962140568935407
2004-08-23,1838.7,0.00036996333010530513
2004-08-24,1836.89,-0.0009843911459183063
2004-08-25,1860.72,0.012973014170690744
2004-08-26,1852.92,-0.004191925706178212
2004-08-27,1862.09,0.004948945448265407
2004-08-30,1836.49,-0.013747992846747437
2004-08-31,1838.1,0.000876672347793761
2004-09-01,1850.41,0.006697132908982217
2004-09-02,1873.43,0.012440486162526243
2004-09-03,1844.48,-0.01545293926114133
2004-09-07,1858.56,0.007633587786259444
2004-09-08,1850.64,-0.0042613636363635354
2004-09-09,1869.65,0.01027212207668704
2004-09-10,1894.31,0.013189634423555141
2004-09-13,1910.38,0.008483299987858572
2004-09-14,1915.4,0.0026277494529884926
2004-09-15,1896.52,-0.009856948940169197
2004-09-16,1904.08,0.003986248497247491
2004-09-17,1910.09,0.0031563799840341744
2004-09-20,1908.07,-0.0010575417912245255
2004-09-21,1921.18,0.006870817108387106
2004-09-22,1885.71,-0.01846261152000339
2004-09-23,1886.43,0.000381819049588783
2004-09-24,1879.48,-0.0036842077363061776
2004-09-27,1859.88,-0.010428416370485416
2004-09-28,1869.87,0.005371314278340478
2004-09-29,1893.94,0.01287255263734921
2004-09-30,1896.84,0.0015311995100160125
2004-10-01,1942.2,0.023913456063769267
2004-10-04,1952.4,0.005251776336113734
2004-10-05,1955.5,0.0015877893874205462
2004-10-06,1971.03,0.007941702889286528
2004-10-07,1948.52,-0.011420424854010292
2004-10-08,1919.97,-0.014652146244328978
2004-10-11,1928.76,0.004578196534320789
2004-10-12,1925.17,-0.0018612994877537092
2004-10-13,1920.53,-0.0024101767636105498
2004-10-14,1903.02,-0.009117274918902574
2004-10-15,1911.5,0.004456075080661259
2004-10-18,1936.52,0.01308919696573363
2004-10-19,1922.9,-0.007033234874930239
2004-10-20,1932.97,0.005236881793124981
2004-10-21,1953.62,0.010683042157922706
2004-10-22,1915.14,-0.019696768051104985
2004-10-25,1914.04,-0.00057437054210141
2004-10-26,1928.79,0.007706213036300147
2004-10-27,1969.99,0.021360542101524826
2004-10-28,1975.74,0.0029187965421144657
2004-10-29,1974.99,-0.0003796046038446743
2004-11-01,1979.87,0.002470898586828252
2004-11-02,1984.79,0.002485011642178625
2004-11-03,2004.33,0.009844870238161274
2004-11-04,2023.63,0.009629152884006231
2004-11-05,2038.94,0.00756561229078434
2004-11-08,2039.25,0.00015203978537869922
2004-11-09,2043.33,0.002000735564545719
2004-11-10,2034.56,-0.004292013526938865
2004-11-11,2061.27,0.013128145643284128
2004-11-12,2085.34,0.011677266927670793
2004-11-15,2094.09,0.0041959584528181715
2004-11-16,2078.62,-0.0073874570815963825
2004-11-17,2099.68,0.010131722007870492
2004-11-18,2104.28,0.0021908100281948784
2004-11-19,2070.63,-0.01599121789875879
2004-11-22,2085.19,0.007031676349710025
2004-11-23,2084.28,-0.0004364110704538904
2004-11-24,2102.54,0.008760819083808213
2004-11-26,2101.97,-0.0002711006687150519
2004-11-29,2106.87,0.0023311464959061556
2004-11-30,2096.81,-0.00477485559146984
2004-12-01,2138.23,0.01975381651174879
2004-12-02,2143.57,0.00249739270331073
2004-12-03,2147.96,0.0020479853702000117
2004-12-06,2151.25,0.0015316858786942333
2004-12-07,2114.66,-0.01700871586287045
2004-12-08,2126.11,0.005414582013184344
2004-12-09,2129.01,0.0013639933963907058
2004-12-10,2128.07,-0.00044151976740369747
2004-12-13,2148.5,0.00960024811213911
2004-12-14,2159.84,0.005278101000698143
2004-12-15,2162.55,0.0012547225720422883
2004-12-16,2146.15,-0.0075836396846316045
2004-12-17,2135.2,-0.005102159681289908
2004-12-20,2127.85,-0.003442300487073724
2004-12-21,2150.91,0.010837230067908932
2004-12-22,2157.03,0.0028453073350351854
2004-12-23,2160.62,0.0016643254845782884
2004-12-27,2154.22,-0.0029621127269024994
2004-12-28,2177.19,0.010662792101085339
2004-12-29,2177.0,-8.726845153617102e-05
2004-12-30,2178.34,0.0006155259531466228
2004-12-31,2175.44,-0.0013312889631554858
2005-01-03,2152.15,-0.010705880189754713
2005-01-04,2107.86,-0.020579420579420526
2005-01-05,2091.24,-0.00788477413110944
2005-01-06,2090.0,-0.0005929496375355336
2005-01-07,2088.61,-0.000665071770334813
2005-01-10,2097.04,0.004036177170462674
2005-01-11,2079.62,-0.00830694693472711
2005-01-12,2092.53,0.006207864898394977
2005-01-13,2070.56,-0.010499252101523138
2005-01-14,2087.91,0.008379375627849406
2005-01-18,2106.04,0.008683324472798182
2005-01-19,2073.59,-0.015408064424227375
2005-01-20,2045.88,-0.01336329746960585
2005-01-21,2034.27,-0.0056748196375154825
2005-01-24,2008.7,-0.012569619568690404
2005-01-25,2019.95,0.005600637228057925
2005-01-26,2046.09,0.012940914379068635
2005-01-27,2047.15,0.0005180612778519222
2005-01-28,2035.83,-0.005529638766089473
2005-01-31,2062.41,0.013056099969054324
2005-02-01,2068.7,0.003049830053190261
2005-02-02,2075.06,0.0030743945473004075
2005-02-03,2057.64,-0.008394937977697081
2005-02-04,2086.66,0.014103536089889346
2005-02-07,2082.03,-0.002218856929255164
2005-02-08,2086.68,0.0022333972132964064
2005-02-09,2052.55,-0.01635612551996457
2005-02-10,2053.1,0.00026795936761581096
2005-02-11,2076.66,0.0114753299887973
2005-02-14,2082.91,0.003009640480386766
2005-02-15,2089.21,0.0030246146016872366
2005-02-16,2087.43,-0.0008519966877432728
2005-02-17,2061.34,-0.012498622708306262
2005-02-18,2058.62,-0.0013195300144567268
2005-02-22,2030.32,-0.013747073282101563
2005-02-23,2031.25,0.000458055872965879
2005-02-24,2051.7,0.010067692307692111
2005-02-25,2065.4,0.0066773894818932256
2005-02-28,2051.72,-0.006623414350731216
2005-03-01,2071.25,0.009518842727077814
2005-03-02,2067.5,-0.0018105009052504784
2005-03-03,2058.4,-0.0044014510278113095
2005-03-04,2070.61,0.00593179168286051
2005-03-07,2090.21,0.009465809592342334
2005-03-08,2073.55,-0.007970491003296276
2005-03-09,2061.29,-0.005912565407152126
2005-03-10,2059.72,-0.0007616589611361135
2005-03-11,2041.6,-0.00879731225603475
2005-03-14,2051.04,0.004623824451410741
2005-03-15,2034.98,-0.00783017396052732
2005-03-16,2015.75,-0.00944972432161495
2005-03-17,2016.42,0.0003323824879077897
2005-03-18,2007.79,-0.004279862330268558
2005-03-21,2007.51,-0.00013945681570282087
2005-03-22,1989.34,-0.009051013444515865
2005-03-23,1990.22,0.00044235776689771633
2005-03-24,1991.06,0.0004220638924339326
2005-03-28,1992.52,0.0007332777515494104
2005-03-29,1973.88,-0.009354987653825253
2005-03-30,2005.67,0.016105335684033495
2005-03-31,1999.23,-0.003210897106702526
2005-04-01,1984.81,-0.007212776919113928
2005-04-04,1991.07,0.003153954282777649
2005-04-05,1999.32,0.004143500730762861
2005-04-06,1999.14,-9.003061040746552e-05
2005-04-07,2018.79,0.009829226567424021
2005-04-08,1999.35,-0.00962953056038518
2005-04-11,1992.12,-0.003616175256958565
2005-04-12,2005.4,0.006666265084432688
2005-04-13,1974.37,-0.015473222299790645
2005-04-14,1946.71,-0.014009532154560578
2005-04-15,1908.15,-0.019807778251511476
2005-04-18,1912.92,0.002499803474569573
2005-04-19,1932.36,0.010162474123329712
2005-04-20,1913.76,-0.009625535614481762
2005-04-21,1962.41,0.025421160438090507
2005-04-22,1932.19,-0.015399432330654661
2005-04-25,1950.78,0.009621207024153922
2005-04-26,1927.44,-0.01196444499123428
2005-04-27,1930.43,0.001551280454903825
2005-04-28,1904.18,-0.013598006661728168
2005-04-29,1921.65,0.009174552825888416
2005-05-02,1928.65,0.003642702885541027
2005-05-03,1933.07,0.0022917584839134975
2005-05-04,1962.23,0.015084813276291076
2005-05-05,1961.8,-0.00021913842923615423
2005-05-06,1967.35,0.002829034560097865
2005-05-09,1979.67,0.006262230919765299
2005-05-10,1962.77,-0.008536776331408813
2005-05-11,1971.55,0.004473269919552436
2005-05-12,1963.88,-0.0038903400877481342
2005-05-13,1976.78,0.006568629447827767
2005-05-16,1994.43,0.008928661763069279
2005-05-17,2004.15,0.004873572900528034
2005-05-18,2030.65,0.013222563181398694
2005-05-19,2042.58,0.005874966143845528
2005-05-20,2046.42,0.0018799753253240237
2005-05-23,2056.65,0.004998973817691432
2005-05-24,2061.62,0.0024165511876108603
2005-05-25,2050.12,-0.005578137581125575
2005-05-26,2071.24,0.010301835990088382
2005-05-27,2075.73,0.0021677835499509523
2005-05-31,2068.22,-0.0036180042683779945
2005-06-01,2087.86,0.009496088423862181
2005-06-02,2097.8,0.004760855612924164
2005-06-03,2071.43,-0.012570311755172203
2005-06-06,2075.76,0.0020903433859702503
2005-06-07,2067.16,-0.004143060854819636
2005-06-08,2060.18,-0.003376613324561295
2005-06-09,2076.91,0.008120649651972123
2005-06-10,2063.0,-0.006697449576534287
2005-06-13,2068.96,0.002888996606883243
2005-06-14,2069.04,3.866676977803962e-05
2005-06-15,2074.92,0.002841897691683082
2005-06-16,2089.15,0.0068580957338113535
2005-06-17,2090.11,0.0004595170284564798
2005-06-20,2088.13,-0.0009473185621809987
2005-06-21,2091.07,0.0014079583167714294
2005-06-22,2092.03,0.0004590951044203262
2005-06-23,2070.66,-0.010214958676501018
2005-06-24,2053.27,-0.008398288468410953
2005-06-27,2045.2,-0.003930316032474956
2005-06-28,2069.89,0.012072168981028586
2005-06-29,2068.89,-0.00048311746034812586
2005-06-30,2056.96,-0.005766377139432177
2005-07-01,2057.37,0.0001993232731798411
2005-07-05,2078.75,0.01039190811570112
2005-07-06,2068.65,-0.004858689116055248
2005-07-07,2075.66,0.0033886834408913824
2005-07-08,2112.88,0.017931645837950372
2005-07-11,2135.43,0.010672636401499291
2005-07-12,2143.15,0.0036151969392581584
2005-07-13,2144.11,0.00044793878169979706
2005-07-14,2152.82,0.004062291580189559
2005-07-15,2156.78,0.0018394477940562037
2005-07-18,2144.87,-0.005522120939548958
2005-07-19,2173.18,0.013198935133597711
2005-07-20,2188.57,0.007081787978906684
2005-07-21,2178.6,-0.004555486002275622
2005-07-22,2179.74,0.000523271825943139
2005-07-25,2166.74,-0.005964014056722311
2005-07-26,2175.99,0.004269086277079781
2005-07-27,2186.22,0.004701308369983392
2005-07-28,2198.44,0.0055895564032897305
2005-07-29,2184.83,-0.006190753443350849
2005-08-01,2195.38,0.004828750978337126
2005-08-02,2218.15,0.010371780739553138
2005-08-03,2216.81,-0.0006041070261254555
2005-08-04,2191.32,-0.011498504607972637
2005-08-05,2177.91,-0.006119599145720578
2005-08-08,2164.39,-0.006207786363991108
2005-08-09,2174.19,0.004527834632390704
2005-08-10,2157.81,-0.0075338401887600215
2005-08-11,2174.55,0.007757865613747361
2005-08-12,2156.9,-0.008116621829803883
2005-08-15,2167.04,0.0047011915248735825
2005-08-16,2137.06,-0.013834539279385716
2005-08-17,2145.15,0.003785574574415307
2005-08-18,2136.08,-0.00422814255413384
2005-08-19,2135.56,-0.00024343657540915054
2005-08-22,2141.41,0.00273932832605972
2005-08-23,2137.25,-0.0019426452664365046
2005-08-24,2128.91,-0.0039022107848871723
2005-08-25,2134.37,0.0025646927300826405
2005-08-26,2120.77,-0.0063719036530685
2005-08-29,2137.65,0.007959373246509527
2005-08-30,2129.76,-0.0036909690548031504
2005-08-31,2152.09,0.010484749455337727
2005-09-01,2147.9,-0.0019469445980418998
2005-09-02,2141.07,-0.0031798500861306422
2005-09-06,2166.86,0.01204537917956916
2005-09-07,2172.03,0.002385940946807885
2005-09-08,2166.03,-0.0027623927846300855
2005-09-09,2175.51,0.004376670683231554
2005-09-12,2182.83,0.003364728270612183
2005-09-13,2171.75,-0.0050759793479107085
2005-09-14,2149.33,-0.010323471854495225
2005-09-15,2146.15,-0.0014795308305378674
2005-09-16,2160.35,0.006616499312722679
2005-09-19,2145.26,-0.006984979285763693
2005-09-20,2131.33,-0.006493385417152386
2005-09-21,2106.64,-0.011584315896646769
2005-09-22,2110.78,0.001965214749553912
2005-09-23,2116.84,0.002870976605804376
2005-09-26,2121.46,0.0021824984410725445
2005-09-27,2116.42,-0.002375722379870493
2005-09-28,2115.4,-0.0004819459275569038
2005-09-29,2141.22,0.012205729412876787
2005-09-30,2151.69,0.00488973575811924
2005-10-03,2155.43,0.0017381686023543175
2005-10-04,2139.36,-0.007455588908013566
2005-10-05,2103.02,-0.01698638845262146
2005-10-06,2084.08,-0.009006095995283014
2005-10-07,2090.35,0.0030085217458062363
2005-10-10,2078.92,-0.005467983830458989
2005-10-11,2061.09,-0.008576568602928436
2005-10-12,2037.47,-0.011459955654532394
2005-10-13,2047.22,0.004785346532709678
2005-10-14,2064.83,0.008601908930158997
2005-10-17,2070.3,0.0026491284996827957
2005-10-18,2056.0,-0.006907211515239431
2005-10-19,2091.24,0.017140077821011568
2005-10-20,2068.11,-0.011060423480805492
2005-10-21,2082.21,0.006817819168225991
2005-10-24,2115.83,0.016146306088242746
2005-10-25,2109.45,-0.0030153651285784733
2005-10-26,2100.05,-0.004456137855838982
2005-10-27,2063.81,-0.017256731982571938
2005-10-28,2089.88,0.012631976780808296
2005-10-31,2120.3,0.014555859666583792
2005-11-01,2114.05,-0.0029476960807433006
2005-11-02,2144.31,0.014313757952744588
2005-11-03,2160.22,0.007419636153354725
2005-11-04,2169.43,0.00426345464813771
2005-11-07,2178.24,0.004060974541699958
2005-11-08,2172.07,-0.0028325620684587216
2005-11-09,2175.81,0.0017218597927322055
2005-11-10,2196.68,0.009591830168994564
2005-11-11,2202.47,0.0026357958373546264
2005-11-14,2200.95,-0.0006901342583554015
2005-11-15,2186.74,-0.0064563029600854804
2005-11-16,2187.93,0.0005441890668300697
2005-11-17,2220.46,0.014867934531726412
2005-11-18,2227.07,0.0029768606504958495
2005-11-21,2241.67,0.006555698743191618
2005-11-22,2253.56,0.0053040813322209335
2005-11-23,2259.98,0.0028488258577539227
2005-11-25,2263.01,0.0013407198293791112
2005-11-28,2239.37,-0.010446264046557574
2005-11-29,2232.71,-0.002974050737484135
2005-11-30,2232.82,4.92674821181982e-05
2005-12-01,2267.17,0.015384133069392014
2005-12-02,2273.37,0.0027346868563009608
2005-12-05,2257.64,-0.006919243238012296
2005-12-06,2260.76,0.001381974096844596
2005-12-07,2252.01,-0.0038703798722553584
2005-12-08,2246.46,-0.0024644650778639088
2005-12-09,2256.73,0.0045716371535660105
2005-12-12,2260.95,0.0018699622905706814
2005-12-13,2265.0,0.0017912824255290616
2005-12-14,2262.59,-0.0010640176600440476
2005-12-15,2260.63,-0.0008662638834256997
2005-12-16,2252.48,-0.0036051897037552294
2005-12-19,2222.74,-0.013203224889899223
2005-12-20,2222.42,-0.00014396645581571388
2005-12-21,2231.66,0.004157629970932497
2005-12-22,2246.49,0.0066452775064300695
2005-12-23,2249.42,0.0013042568629284546
2005-12-27,2226.89,-0.0100159152136996
2005-12-28,2228.94,0.000920566350381069
2005-12-29,2218.16,-0.004836379624395537
2005-12-30,2205.32,-0.005788581527031322
2006-01-03,2243.74,0.017421507989769935
2006-01-04,2263.46,0.008788897109290872
2006-01-05,2276.87,0.00592455797760949
2006-01-06,2305.62,0.012626983534413494
2006-01-09,2318.69,0.005668757210641973
2006-01-10,2320.32,0.0007029831499683059
2006-01-11,2331.36,0.0047579644187008
2006-01-12,2316.69,-0.0062924644842495825
2006-01-13,2317.04,0.00015107761504551398
2006-01-17,2302.69,-0.00619324655595066
2006-01-18,2279.64,-0.010010031745480319
2006-01-19,2301.81,0.009725219771542948
2006-01-20,2247.7,-0.023507587507222594
2006-01-23,2248.47,0.000342572407349806
2006-01-24,2265.25,0.007462852517489793
2006-01-25,2260.65,-0.002030680940293572
2006-01-26,2283.0,0.009886537057925748
2006-01-27,2304.23,0.009299167761717131
2006-01-30,2306.78,0.0011066603594260815
2006-01-31,2305.82,-0.0004161645237084066
2006-02-01,2310.56,0.002055667831834196
2006-02-02,2281.57,-0.012546741915379744
2006-02-03,2262.58,-0.00832321603106645
2006-02-06,2258.8,-0.0016706591590130992
2006-02-07,2244.96,-0.006127147157782953
2006-02-08,2266.98,0.009808638015821991
2006-02-09,2255.87,-0.0049007931256561665
2006-02-10,2261.88,0.0026641606120920702
2006-02-13,2239.81,-0.009757369975418761
2006-02-14,2262.17,0.009982989628584571
2006-02-15,2276.43,0.006303681862989796
2006-02-16,2294.63,0.007994974587402393
2006-02-17,2282.36,-0.005347267315427784
2006-02-21,2262.96,-0.008499973711421527
2006-02-22,2283.17,0.00893078092409949
2006-02-23,2279.32,-0.0016862520092677524
2006-02-24,2287.04,0.0033869750627379958
2006-02-27,2307.18,0.0088061424373862
2006-02-28,2281.39,-0.011178148215570505
2006-03-01,2314.64,0.014574448033874088
2006-03-02,2311.11,-0.0015250751736770596
2006-03-03,2302.6,-0.00368221330875651
2006-03-06,2286.03,-0.007196212976634975
2006-03-07,2268.38,-0.00772080856331725
2006-03-08,2267.46,-0.00040557578536226657
2006-03-09,2249.72,-0.007823732281936668
2006-03-10,2262.04,0.005476237042832066
